[
 {
   "product_id": "2ee90008545b355e0699389137e4ec6e",
   "product_name": "Hybrid",
   "product_type": "CarIn",
   "product_fire_coverage": "N",
   "product_legal_defense_coverage": "Y",
   "product_liability_coverage": "Y",
   "product_passangers_coverage": "Y",
   "product_damage_coverage": "Y",
   "product_theft_coverage": "Y",
   "product_windshield_coverage": "Y"
 },
 {
   "product_id": "7e7d649964fcca2a6028458605455b95",
   "product_name": "Telematics",
   "product_type": "CarIn",
   "product_fire_coverage": "N",
   "product_legal_defense_coverage": "N",
   "product_liability_coverage": "N",
   "product_passangers_coverage": "N",
   "product_damage_coverage": "N",
   "product_theft_coverage": "N",
   "product_windshield_coverage": "N"
 },
 {
   "product_id": "8d57b9ab34eb63911f907a4fce6da224",
   "product_name": "Telematics",
   "product_type": "CarIn New",
   "product_fire_coverage": "N",
   "product_legal_defense_coverage": "Y",
   "product_liability_coverage": "Y",
   "product_passangers_coverage": "N",
   "product_damage_coverage": "N",
   "product_theft_coverage": "N",
   "product_windshield_coverage": "N"
 },
 {
   "product_id": "70de10d128c67576a6624d80d0ef7d58",
   "product_name": "Telematics",
   "product_type": "CarIn New",
   "product_fire_coverage": "N",
   "product_legal_defense_coverage": "Y",
   "product_liability_coverage": "Y",
   "product_passangers_coverage": "Y",
   "product_damage_coverage": "N",
   "product_theft_coverage": "N",
   "product_windshield_coverage": "N"
 },
 {
   "product_id": "fe22db69cdd179a45ad2a7afed0cdeb7",
   "product_name": "Telematics",
   "product_type": "CarIn",
   "product_fire_coverage": "N",
   "product_legal_defense_coverage": "N",
   "product_liability_coverage": "N",
   "product_passangers_coverage": "N",
   "product_damage_coverage": "N",
   "product_theft_coverage": "N",
   "product_windshield_coverage": "N"
 },
 {
   "product_id": "f6e9cd04023c0be5f3df0bc54fce3729",
   "product_name": "Telematics",
   "product_type": "CarIn",
   "product_fire_coverage": "N",
   "product_legal_defense_coverage": "Y",
   "product_liability_coverage": "Y",
   "product_passangers_coverage": "Y",
   "product_damage_coverage": "N",
   "product_theft_coverage": "N",
   "product_windshield_coverage": "Y"
 },
 {
   "product_id": "d002971a9349867688add0311a7009b2",
   "product_name": "Telematics",
   "product_type": "CarIn New",
   "product_fire_coverage": "N",
   "product_legal_defense_coverage": "Y",
   "product_liability_coverage": "Y",
   "product_passangers_coverage": "Y",
   "product_damage_coverage": "N",
   "product_theft_coverage": "N",
   "product_windshield_coverage": "Y"
 },
 {
   "product_id": "efdebff6512bb3b4de7133eaafddd03e",
   "product_name": "Telematics",
   "product_type": "CarIn",
   "product_fire_coverage": "N",
   "product_legal_defense_coverage": "Y",
   "product_liability_coverage": "Y",
   "product_passangers_coverage": "Y",
   "product_damage_coverage": "Y",
   "product_theft_coverage": "Y",
   "product_windshield_coverage": "Y"
 },
 {
   "product_id": "63b32b961c74ad1cd57d83fa61fadfe7",
   "product_name": "Telematics",
   "product_type": "CarIn",
   "product_fire_coverage": "N",
   "product_legal_defense_coverage": "Y",
   "product_liability_coverage": "Y",
   "product_passangers_coverage": "Y",
   "product_damage_coverage": "Y",
   "product_theft_coverage": "Y",
   "product_windshield_coverage": "Y"
 },
 {
   "product_id": "67ab44583a0d64daaf2764970a33141c",
   "product_name": "Telematics",
   "product_type": "CarIn New",
   "product_fire_coverage": "N",
   "product_legal_defense_coverage": "Y",
   "product_liability_coverage": "Y",
   "product_passangers_coverage": "Y",
   "product_damage_coverage": "Y",
   "product_theft_coverage": "Y",
   "product_windshield_coverage": "Y"
 },
 {
   "product_id": "32fb0ec4717ff11b0c5617b11f43cb58",
   "product_name": "Telematics",
   "product_type": "CarIn New",
   "product_fire_coverage": "N",
   "product_legal_defense_coverage": "Y",
   "product_liability_coverage": "Y",
   "product_passangers_coverage": "Y",
   "product_damage_coverage": "Y",
   "product_theft_coverage": "Y",
   "product_windshield_coverage": "Y"
 },
 {
   "product_id": "7d7647543c2decda5d4ff932474d7b70",
   "product_name": "Telematics",
   "product_type": "CarIn",
   "product_fire_coverage": "N",
   "product_legal_defense_coverage": "Y",
   "product_liability_coverage": "Y",
   "product_passangers_coverage": "Y",
   "product_damage_coverage": "Y",
   "product_theft_coverage": "Y",
   "product_windshield_coverage": "Y"
 },
 {
   "product_id": "09742caa011e13bb216e0801c971a1f2",
   "product_name": "Telematics",
   "product_type": "CarIn",
   "product_fire_coverage": "N",
   "product_legal_defense_coverage": "Y",
   "product_liability_coverage": "Y",
   "product_passangers_coverage": "Y",
   "product_damage_coverage": "Y",
   "product_theft_coverage": "Y",
   "product_windshield_coverage": "Y"
 },
 {
   "product_id": "cfa5ff20f9809a133c1f8cba597d0ff4",
   "product_name": "Telematics",
   "product_type": "CarIn New",
   "product_fire_coverage": "N",
   "product_legal_defense_coverage": "Y",
   "product_liability_coverage": "Y",
   "product_passangers_coverage": "Y",
   "product_damage_coverage": "Y",
   "product_theft_coverage": "Y",
   "product_windshield_coverage": "Y"
 },
 {
   "product_id": "7efe29c6816b6101bdfd71a800fef6e2",
   "product_name": "Telematics",
   "product_type": "CarIn New",
   "product_fire_coverage": "N",
   "product_legal_defense_coverage": "Y",
   "product_liability_coverage": "Y",
   "product_passangers_coverage": "Y",
   "product_damage_coverage": "Y",
   "product_theft_coverage": "Y",
   "product_windshield_coverage": "Y"
 },
 {
   "product_id": "48958752c06b20560c7cf2f05a28421d",
   "product_name": "Telematics",
   "product_type": "CarIn",
   "product_fire_coverage": "Y",
   "product_legal_defense_coverage": "Y",
   "product_liability_coverage": "Y",
   "product_passangers_coverage": "Y",
   "product_damage_coverage": "Y",
   "product_theft_coverage": "Y",
   "product_windshield_coverage": "Y"
 },
 {
   "product_id": "a78254b31f60ba7d81e84e47d1f64932",
   "product_name": "Telematics Employee",
   "product_type": "CarIn Employee",
   "product_fire_coverage": "N",
   "product_legal_defense_coverage": "Y",
   "product_liability_coverage": "Y",
   "product_passangers_coverage": "Y",
   "product_damage_coverage": "Y",
   "product_theft_coverage": "Y",
   "product_windshield_coverage": "N"
 },
 {
   "product_id": "be7050b2a5a7f9b14b3956aa49ff587d",
   "product_name": "Telematics",
   "product_type": "CarIn",
   "product_fire_coverage": "Y",
   "product_legal_defense_coverage": "Y",
   "product_liability_coverage": "Y",
   "product_passangers_coverage": "Y",
   "product_damage_coverage": "N",
   "product_theft_coverage": "N",
   "product_windshield_coverage": "Y"
 },
 {
   "product_id": "81cc4983c32386267d93611653c7cf8e",
   "product_name": "Telematics",
   "product_type": "CarIn",
   "product_fire_coverage": "Y",
   "product_legal_defense_coverage": "Y",
   "product_liability_coverage": "Y",
   "product_passangers_coverage": "Y",
   "product_damage_coverage": "N",
   "product_theft_coverage": "Y",
   "product_windshield_coverage": "Y"
 },
 {
   "product_id": "ffd553b97e978c87a950f5f27d3d8871",
   "product_name": "Telematics",
   "product_type": "CarIn New",
   "product_fire_coverage": "Y",
   "product_legal_defense_coverage": "Y",
   "product_liability_coverage": "Y",
   "product_passangers_coverage": "Y",
   "product_damage_coverage": "N",
   "product_theft_coverage": "N",
   "product_windshield_coverage": "Y"
 },
 {
   "product_id": "2e0af2357d0f45257df24720321af971",
   "product_name": "Telematics",
   "product_type": "CarIn New",
   "product_fire_coverage": "Y",
   "product_legal_defense_coverage": "Y",
   "product_liability_coverage": "Y",
   "product_passangers_coverage": "Y",
   "product_damage_coverage": "N",
   "product_theft_coverage": "Y",
   "product_windshield_coverage": "Y"
 },
 {
   "product_id": "ac74c8d0145c07b488c9d713f122b152",
   "product_name": "Telematics",
   "product_type": "CarIn",
   "product_fire_coverage": "N",
   "product_legal_defense_coverage": "Y",
   "product_liability_coverage": "Y",
   "product_passangers_coverage": "Y",
   "product_damage_coverage": "Y",
   "product_theft_coverage": "Y",
   "product_windshield_coverage": "N"
 },
 {
   "product_id": "d71a1dce7173aaf1271215627a15f355",
   "product_name": "Telematics",
   "product_type": "CarIn",
   "product_fire_coverage": "N",
   "product_legal_defense_coverage": "N",
   "product_liability_coverage": "N",
   "product_passangers_coverage": "N",
   "product_damage_coverage": "N",
   "product_theft_coverage": "N",
   "product_windshield_coverage": "N"
 },
 {
   "product_id": "c5d0efa4cd169477d2aab3ff25f956fe",
   "product_name": "Telematics",
   "product_type": "CarIn",
   "product_fire_coverage": "N",
   "product_legal_defense_coverage": "Y",
   "product_liability_coverage": "Y",
   "product_passangers_coverage": "Y",
   "product_damage_coverage": "Y",
   "product_theft_coverage": "Y",
   "product_windshield_coverage": "Y"
 },
 {
   "product_id": "b54a2af172c378bbbb4c223e6970df33",
   "product_name": "Telematics",
   "product_type": "CarIn",
   "product_fire_coverage": "N",
   "product_legal_defense_coverage": "Y",
   "product_liability_coverage": "Y",
   "product_passangers_coverage": "Y",
   "product_damage_coverage": "Y",
   "product_theft_coverage": "Y",
   "product_windshield_coverage": "Y"
 },
 {
   "product_id": "cbc77fdd91452db8e676a110eef15a94",
   "product_name": "Telematics",
   "product_type": "CarIn New",
   "product_fire_coverage": "N",
   "product_legal_defense_coverage": "N",
   "product_liability_coverage": "N",
   "product_passangers_coverage": "N",
   "product_damage_coverage": "N",
   "product_theft_coverage": "N",
   "product_windshield_coverage": "N"
 },
 {
   "product_id": "43e5ccee65c5744d92a77630558d2f2b",
   "product_name": "Telematics",
   "product_type": "CarIn New",
   "product_fire_coverage": "N",
   "product_legal_defense_coverage": "Y",
   "product_liability_coverage": "Y",
   "product_passangers_coverage": "Y",
   "product_damage_coverage": "Y",
   "product_theft_coverage": "Y",
   "product_windshield_coverage": "Y"
 },
 {
   "product_id": "ac59021c2c64811dc532752bf5ee5945",
   "product_name": "Telematics",
   "product_type": "CarIn New",
   "product_fire_coverage": "N",
   "product_legal_defense_coverage": "Y",
   "product_liability_coverage": "Y",
   "product_passangers_coverage": "Y",
   "product_damage_coverage": "Y",
   "product_theft_coverage": "Y",
   "product_windshield_coverage": "Y"
 },
 {
   "product_id": "e8a4acd202f47fa0cffbb35b17478f64",
   "product_name": "Telematics",
   "product_type": "CarIn New",
   "product_fire_coverage": "N",
   "product_legal_defense_coverage": "Y",
   "product_liability_coverage": "Y",
   "product_passangers_coverage": "Y",
   "product_damage_coverage": "Y",
   "product_theft_coverage": "Y",
   "product_windshield_coverage": "Y"
 },
 {
   "product_id": "e9824eb1039c217e42341f2141c2f2ea",
   "product_name": "Telematics",
   "product_type": "CarIn",
   "product_fire_coverage": "Y",
   "product_legal_defense_coverage": "Y",
   "product_liability_coverage": "Y",
   "product_passangers_coverage": "Y",
   "product_damage_coverage": "Y",
   "product_theft_coverage": "Y",
   "product_windshield_coverage": "Y"
 },
 {
   "product_id": "14ba6ebdfa44f7da6e835c1915d074ef",
   "product_name": "Telematics",
   "product_type": "CarIn",
   "product_fire_coverage": "Y",
   "product_legal_defense_coverage": "Y",
   "product_liability_coverage": "Y",
   "product_passangers_coverage": "Y",
   "product_damage_coverage": "Y",
   "product_theft_coverage": "N",
   "product_windshield_coverage": "Y"
 },
 {
   "product_id": "dc4f23e84950e8a5b03cb2bc1d55221f",
   "product_name": "Hybrid",
   "product_type": "CarIn New",
   "product_fire_coverage": "Y",
   "product_legal_defense_coverage": "Y",
   "product_liability_coverage": "Y",
   "product_passangers_coverage": "Y",
   "product_damage_coverage": "N",
   "product_theft_coverage": "Y",
   "product_windshield_coverage": "Y"
 },
 {
   "product_id": "79e040034c28bcfb52bd98abd08e3605",
   "product_name": "Telematics",
   "product_type": "CarIn New",
   "product_fire_coverage": "N",
   "product_legal_defense_coverage": "N",
   "product_liability_coverage": "N",
   "product_passangers_coverage": "N",
   "product_damage_coverage": "N",
   "product_theft_coverage": "N",
   "product_windshield_coverage": "N"
 },
 {
   "product_id": "89c203d94a0668f585f685c7d7b36540",
   "product_name": "Telematics",
   "product_type": "CarIn New",
   "product_fire_coverage": "N",
   "product_legal_defense_coverage": "Y",
   "product_liability_coverage": "Y",
   "product_passangers_coverage": "Y",
   "product_damage_coverage": "N",
   "product_theft_coverage": "Y",
   "product_windshield_coverage": "Y"
 },
 {
   "product_id": "a62b1d28a7b5a51ebc78f338d821ea20",
   "product_name": "Telematics",
   "product_type": "CarIn",
   "product_fire_coverage": "N",
   "product_legal_defense_coverage": "Y",
   "product_liability_coverage": "Y",
   "product_passangers_coverage": "Y",
   "product_damage_coverage": "Y",
   "product_theft_coverage": "Y",
   "product_windshield_coverage": "N"
 },
 {
   "product_id": "ad571ef8051df1b6eb00e995d1436c97",
   "product_name": "Telematics",
   "product_type": "CarIn",
   "product_fire_coverage": "N",
   "product_legal_defense_coverage": "N",
   "product_liability_coverage": "N",
   "product_passangers_coverage": "N",
   "product_damage_coverage": "N",
   "product_theft_coverage": "N",
   "product_windshield_coverage": "N"
 },
 {
   "product_id": "376dfd6c5db2c672b1d4c4397bb53124",
   "product_name": "Telematics",
   "product_type": "CarIn New",
   "product_fire_coverage": "N",
   "product_legal_defense_coverage": "Y",
   "product_liability_coverage": "Y",
   "product_passangers_coverage": "Y",
   "product_damage_coverage": "Y",
   "product_theft_coverage": "Y",
   "product_windshield_coverage": "Y"
 },
 {
   "product_id": "9aad96825845316a05e3c13e7602103a",
   "product_name": "Telematics",
   "product_type": "CarIn",
   "product_fire_coverage": "N",
   "product_legal_defense_coverage": "Y",
   "product_liability_coverage": "Y",
   "product_passangers_coverage": "Y",
   "product_damage_coverage": "Y",
   "product_theft_coverage": "Y",
   "product_windshield_coverage": "Y"
 },
 {
   "product_id": "adba6690c1cb70201d48625ba99e9124",
   "product_name": "Telematics",
   "product_type": "CarIn New",
   "product_fire_coverage": "N",
   "product_legal_defense_coverage": "Y",
   "product_liability_coverage": "Y",
   "product_passangers_coverage": "Y",
   "product_damage_coverage": "Y",
   "product_theft_coverage": "Y",
   "product_windshield_coverage": "Y"
 },
 {
   "product_id": "1c9c61b72a5e0beffc626331f0cc4f55",
   "product_name": "Telematics",
   "product_type": "CarIn",
   "product_fire_coverage": "N",
   "product_legal_defense_coverage": "Y",
   "product_liability_coverage": "Y",
   "product_passangers_coverage": "Y",
   "product_damage_coverage": "Y",
   "product_theft_coverage": "Y",
   "product_windshield_coverage": "Y"
 },
 {
   "product_id": "67613f22211b0a6866b60a345c4954fe",
   "product_name": "Telematics",
   "product_type": "CarIn New",
   "product_fire_coverage": "Y",
   "product_legal_defense_coverage": "Y",
   "product_liability_coverage": "Y",
   "product_passangers_coverage": "Y",
   "product_damage_coverage": "Y",
   "product_theft_coverage": "Y",
   "product_windshield_coverage": "Y"
 },
 {
   "product_id": "04176a436a7715d586489adb2a959f1a",
   "product_name": "Telematics",
   "product_type": "CarIn New",
   "product_fire_coverage": "Y",
   "product_legal_defense_coverage": "Y",
   "product_liability_coverage": "Y",
   "product_passangers_coverage": "Y",
   "product_damage_coverage": "Y",
   "product_theft_coverage": "N",
   "product_windshield_coverage": "Y"
 },
 {
   "product_id": "9a58fe94afc39c12ab49c6cd3faef009",
   "product_name": "Telematics",
   "product_type": "CarIn",
   "product_fire_coverage": "Y",
   "product_legal_defense_coverage": "Y",
   "product_liability_coverage": "Y",
   "product_passangers_coverage": "Y",
   "product_damage_coverage": "Y",
   "product_theft_coverage": "Y",
   "product_windshield_coverage": "Y"
 },
 {
   "product_id": "77564e56f872c44d57092fa6c10c4bf4",
   "product_name": "Telematics",
   "product_type": "CarIn New",
   "product_fire_coverage": "Y",
   "product_legal_defense_coverage": "Y",
   "product_liability_coverage": "Y",
   "product_passangers_coverage": "Y",
   "product_damage_coverage": "Y",
   "product_theft_coverage": "N",
   "product_windshield_coverage": "Y"
 },
 {
   "product_id": "4188f28c6cfcc04ff27abb5bb4c206b5",
   "product_name": "Telematics Employee",
   "product_type": "CarIn Employee",
   "product_fire_coverage": "N",
   "product_legal_defense_coverage": "Y",
   "product_liability_coverage": "Y",
   "product_passangers_coverage": "Y",
   "product_damage_coverage": "N",
   "product_theft_coverage": "N",
   "product_windshield_coverage": "N"
 },
 {
   "product_id": "8542c558a63615ea44cf6f8a5593b57c",
   "product_name": "Telematics Employee",
   "product_type": "CarIn Employee",
   "product_fire_coverage": "Y",
   "product_legal_defense_coverage": "Y",
   "product_liability_coverage": "Y",
   "product_passangers_coverage": "Y",
   "product_damage_coverage": "N",
   "product_theft_coverage": "N",
   "product_windshield_coverage": "Y"
 },
 {
   "product_id": "00c04ab5d7d681d5b05aa2f132fefa1b",
   "product_name": "Telematics Employee",
   "product_type": "CarIn Employee",
   "product_fire_coverage": "Y",
   "product_legal_defense_coverage": "Y",
   "product_liability_coverage": "Y",
   "product_passangers_coverage": "Y",
   "product_damage_coverage": "N",
   "product_theft_coverage": "Y",
   "product_windshield_coverage": "Y"
 },
 {
   "product_id": "b22df05f83a039628755cd1cc5c2f8c1",
   "product_name": "Telematics Employee",
   "product_type": "CarIn Employee",
   "product_fire_coverage": "N",
   "product_legal_defense_coverage": "Y",
   "product_liability_coverage": "Y",
   "product_passangers_coverage": "Y",
   "product_damage_coverage": "Y",
   "product_theft_coverage": "Y",
   "product_windshield_coverage": "Y"
 },
 {
   "product_id": "0dd1531ed4b1a3a4ca9fdc41e8b909b7",
   "product_name": "Telematics Employee",
   "product_type": "CarIn Employee",
   "product_fire_coverage": "Y",
   "product_legal_defense_coverage": "Y",
   "product_liability_coverage": "Y",
   "product_passangers_coverage": "Y",
   "product_damage_coverage": "Y",
   "product_theft_coverage": "Y",
   "product_windshield_coverage": "Y"
 },
 {
   "product_id": "ae24857e49b395232a759605d1afe8a9",
   "product_name": "Telematics",
   "product_type": "CarIn",
   "product_fire_coverage": "N",
   "product_legal_defense_coverage": "Y",
   "product_liability_coverage": "Y",
   "product_passangers_coverage": "Y",
   "product_damage_coverage": "N",
   "product_theft_coverage": "N",
   "product_windshield_coverage": "N"
 },
 {
   "product_id": "76dccc073ca959c7c57dc8f3840079b9",
   "product_name": "Telematics",
   "product_type": "CarIn New",
   "product_fire_coverage": "N",
   "product_legal_defense_coverage": "N",
   "product_liability_coverage": "Y",
   "product_passangers_coverage": "N",
   "product_damage_coverage": "N",
   "product_theft_coverage": "N",
   "product_windshield_coverage": "N"
 },
 {
   "product_id": "6014b13de73697dbbef73208cfa6a782",
   "product_name": "Telematics",
   "product_type": "CarIn New",
   "product_fire_coverage": "N",
   "product_legal_defense_coverage": "N",
   "product_liability_coverage": "N",
   "product_passangers_coverage": "N",
   "product_damage_coverage": "N",
   "product_theft_coverage": "N",
   "product_windshield_coverage": "N"
 },
 {
   "product_id": "9e7286e267d8a2719a4dfcd652acef25",
   "product_name": "Telematics",
   "product_type": "CarIn New",
   "product_fire_coverage": "N",
   "product_legal_defense_coverage": "Y",
   "product_liability_coverage": "Y",
   "product_passangers_coverage": "Y",
   "product_damage_coverage": "Y",
   "product_theft_coverage": "Y",
   "product_windshield_coverage": "N"
 },
 {
   "product_id": "2661d938891b0cf014144db4e1d0e603",
   "product_name": "Telematics",
   "product_type": "CarIn New",
   "product_fire_coverage": "N",
   "product_legal_defense_coverage": "Y",
   "product_liability_coverage": "Y",
   "product_passangers_coverage": "Y",
   "product_damage_coverage": "Y",
   "product_theft_coverage": "Y",
   "product_windshield_coverage": "N"
 },
 {
   "product_id": "571a67c1bf5977b3bafd44e5e26f61e8",
   "product_name": "Telematics",
   "product_type": "CarIn New",
   "product_fire_coverage": "N",
   "product_legal_defense_coverage": "Y",
   "product_liability_coverage": "Y",
   "product_passangers_coverage": "Y",
   "product_damage_coverage": "Y",
   "product_theft_coverage": "Y",
   "product_windshield_coverage": "Y"
 },
 {
   "product_id": "4fad66e5c832dee400e0c3acb00f08b1",
   "product_name": "Telematics",
   "product_type": "CarIn New",
   "product_fire_coverage": "N",
   "product_legal_defense_coverage": "Y",
   "product_liability_coverage": "Y",
   "product_passangers_coverage": "Y",
   "product_damage_coverage": "Y",
   "product_theft_coverage": "Y",
   "product_windshield_coverage": "Y"
 },
 {
   "product_id": "a718df346714eeddb751e061ff1a91c9",
   "product_name": "Telematics",
   "product_type": "CarIn",
   "product_fire_coverage": "N",
   "product_legal_defense_coverage": "Y",
   "product_liability_coverage": "Y",
   "product_passangers_coverage": "Y",
   "product_damage_coverage": "Y",
   "product_theft_coverage": "Y",
   "product_windshield_coverage": "Y"
 },
 {
   "product_id": "7d91b599d163ad4ab1f4926e782c1fe7",
   "product_name": "Telematics",
   "product_type": "CarIn New",
   "product_fire_coverage": "N",
   "product_legal_defense_coverage": "Y",
   "product_liability_coverage": "Y",
   "product_passangers_coverage": "Y",
   "product_damage_coverage": "Y",
   "product_theft_coverage": "Y",
   "product_windshield_coverage": "Y"
 },
 {
   "product_id": "8a3ef5666133b61062e73cbb44f331c7",
   "product_name": "Telematics",
   "product_type": "CarIn New",
   "product_fire_coverage": "N",
   "product_legal_defense_coverage": "Y",
   "product_liability_coverage": "Y",
   "product_passangers_coverage": "Y",
   "product_damage_coverage": "Y",
   "product_theft_coverage": "Y",
   "product_windshield_coverage": "Y"
 },
 {
   "product_id": "b783616e254ed9b4b82acfd216d652ac",
   "product_name": "Telematics",
   "product_type": "CarIn New",
   "product_fire_coverage": "N",
   "product_legal_defense_coverage": "Y",
   "product_liability_coverage": "Y",
   "product_passangers_coverage": "Y",
   "product_damage_coverage": "Y",
   "product_theft_coverage": "Y",
   "product_windshield_coverage": "Y"
 },
 {
   "product_id": "6190554c4fec5ba8b4708cbb7941576d",
   "product_name": "Telematics",
   "product_type": "CarIn",
   "product_fire_coverage": "Y",
   "product_legal_defense_coverage": "Y",
   "product_liability_coverage": "Y",
   "product_passangers_coverage": "Y",
   "product_damage_coverage": "Y",
   "product_theft_coverage": "N",
   "product_windshield_coverage": "Y"
 },
 {
   "product_id": "1087c7515d7b5c25b779d4d0361bc335",
   "product_name": "Telematics",
   "product_type": "CarIn New",
   "product_fire_coverage": "N",
   "product_legal_defense_coverage": "N",
   "product_liability_coverage": "N",
   "product_passangers_coverage": "N",
   "product_damage_coverage": "N",
   "product_theft_coverage": "N",
   "product_windshield_coverage": "N"
 },
 {
   "product_id": "bf0ac8d28a7e218a929ddb99ab106788",
   "product_name": "Telematics",
   "product_type": "CarIn New",
   "product_fire_coverage": "Y",
   "product_legal_defense_coverage": "Y",
   "product_liability_coverage": "Y",
   "product_passangers_coverage": "Y",
   "product_damage_coverage": "Y",
   "product_theft_coverage": "N",
   "product_windshield_coverage": "Y"
 },
 {
   "product_id": "0e388c0e9954020acfc646ba6ab871f3",
   "product_name": "Telematics",
   "product_type": "CarIn New",
   "product_fire_coverage": "Y",
   "product_legal_defense_coverage": "Y",
   "product_liability_coverage": "Y",
   "product_passangers_coverage": "Y",
   "product_damage_coverage": "Y",
   "product_theft_coverage": "Y",
   "product_windshield_coverage": "Y"
 },
 {
   "product_id": "580363a06f86d29fc79d4346f7d6e12c",
   "product_name": "Telematics",
   "product_type": "CarIn",
   "product_fire_coverage": "Y",
   "product_legal_defense_coverage": "Y",
   "product_liability_coverage": "Y",
   "product_passangers_coverage": "Y",
   "product_damage_coverage": "Y",
   "product_theft_coverage": "N",
   "product_windshield_coverage": "Y"
 },
 {
   "product_id": "ee3a5885c826e7448e2bcd74c4cbf74b",
   "product_name": "Telematics",
   "product_type": "CarIn New",
   "product_fire_coverage": "Y",
   "product_legal_defense_coverage": "Y",
   "product_liability_coverage": "Y",
   "product_passangers_coverage": "Y",
   "product_damage_coverage": "Y",
   "product_theft_coverage": "Y",
   "product_windshield_coverage": "Y"
 },
 {
   "product_id": "1cf9d28362a8e6cfcabb6a2364e06465",
   "product_name": "Telematics Employee",
   "product_type": "CarIn Employee",
   "product_fire_coverage": "N",
   "product_legal_defense_coverage": "Y",
   "product_liability_coverage": "Y",
   "product_passangers_coverage": "Y",
   "product_damage_coverage": "Y",
   "product_theft_coverage": "Y",
   "product_windshield_coverage": "Y"
 },
 {
   "product_id": "7ef1a71db6641f1d6dd4f16b505eb126",
   "product_name": "Telematics Employee",
   "product_type": "CarIn Employee",
   "product_fire_coverage": "N",
   "product_legal_defense_coverage": "Y",
   "product_liability_coverage": "Y",
   "product_passangers_coverage": "Y",
   "product_damage_coverage": "Y",
   "product_theft_coverage": "Y",
   "product_windshield_coverage": "Y"
 }
]